CustomerID,FirstName,LastName,Email,Phone,Address,City,Country
1,Danielle,Smith,gabrieltucker@hancock.com,(270)289-5171x8702,"4268 Vaughn Route, Michaelbury, DC 63177",Destinybury,Palestinian Territory
2,Angel,Le,gallowayjoseph@yahoo.com,(217)459-6158x65780,"8783 Erin Ranch Apt. 878, Christianshire, AR 72282",Jeffreyport,Myanmar
3,Joshua,Maldonado,uhorton@hotmail.com,+1-134-316-1172x400,"PSC 3982, Box 2587, APO AE 89668",Frenchmouth,Zimbabwe
4,Jeffrey,Herrera,jamesrobinson@gmail.com,045-562-3869x22219,"87072 Bryant Centers Suite 406, Lisaborough, CA 06437",Jorgeport,Macedonia
5,Jill,Adams,brian97@calhoun.net,(937)923-7474x0748,"017 Justin Falls, Port Darlene, SD 55598",Yorkfort,Burkina Faso
6,Erica,Davidson,caseyjones@powell.com,(175)946-4743,"6618 Desiree Keys Apt. 286, Lake Tiffany, AL 99614",Port Cynthiashire,Luxembourg
7,Patricia,Rodriguez,barnesbrandy@stewart.com,(713)695-9440x6409,"8686 John Key Apt. 431, Port Donnatown, IL 09320",South Pamelahaven,Albania
8,Christopher,Graham,randy47@hickman-walls.com,+1-097-439-5339x42104,"9030 Gonzales Plains, Port Michelle, DC 66547",Port Erinhaven,Malta
9,Robert,Chavez,jonesjason@yahoo.com,095.214.5623x285,"Unit 3959 Box 9534, DPO AE 87036",Robertberg,Saint Pierre and Miquelon
10,Anthony,Mckay,nicole35@moore-bass.com,842.474.5171x23685,"4089 Connie Meadow Suite 056, Heatherchester, ME 49844",East Matthew,Australia
11,Jeffery,Liu,sarah12@wilson-rodriguez.net,604-817-5496,"34270 Faulkner Point Apt. 634, West Deborah, MN 12620",Thomasburgh,Mexico
12,William,Baker,juan35@watts.net,+1-513-709-8593x1746,"46990 Jacob Trace, South Jason, MA 40240",South Marvinburgh,Vietnam
13,Anthony,Mason,rebecca01@hotmail.com,200-471-1382,"USS Lewis, FPO AE 97687",Cynthiatown,Jersey
14,James,White,bradley52@hotmail.com,(758)692-6179x6405,"93638 Rowe Light Suite 854, Michaelfort, CT 95189",Hillburgh,Taiwan
15,Debra,Gaines,joycearnold@yahoo.com,773.515.8506,"55609 Joyce Brook Suite 899, Phillipsborough, IN 50287",South Kristen,Mozambique
16,Amy,Harrell,jonesnicole@gardner.org,317-139-0053x293,"8547 Murray Street, Garyside, HI 71559",East Christinachester,Liberia
17,Jeffrey,Evans,tanderson@nolan-flynn.com,839-335-2904,"Unit 0801 Box 0062, DPO AP 30835",Pattersonfort,Uzbekistan
18,Bridget,Fowler,evelynestrada@yahoo.com,(284)210-2053,"38750 Hopkins Brook, New Andreatown, NC 95160",Smithside,Madagascar
19,Lisa,Lynch,sarayoung@gmail.com,001-502-402-6811,"86211 John River Suite 546, West Susanmouth, IA 91889",Lake Nathan,Slovakia (Slovak Republic)
20,Adam,Hernandez,vjohnson@patton-jenkins.com,758.917.8390x8470,"016 Bennett Mountains, Lake Albertburgh, NM 57374",West Katherinehaven,Uruguay
21,Linda,Farmer,kristinrodriguez@gmail.com,7661771159,"180 Jason Ways Suite 401, Rachelshire, AZ 24009",North Erica,United States Minor Outlying Islands
22,Helen,Ryan,jamessellers@yahoo.com,(124)998-5698,"USNV Smith, FPO AE 77444",East Heather,Christmas Island
23,Matthew,Osborne,jeffreykeller@yahoo.com,789-611-8367x3657,"42939 Rhodes Plains Suite 621, Brianchester, CA 45143",Larryville,Puerto Rico
24,Eric,Moreno,michelle45@hotmail.com,(615)654-5271x1116,"0477 Michael Lane Suite 296, Port Christinebury, CA 11253",Gordonport,Morocco
25,Susan,Smith,sheila14@gmail.com,528-098-8516,"265 Rodriguez Avenue Suite 754, East Christopherchester, OH 73211",North Madison,China
26,Matthew,Nguyen,rodriguezryan@hotmail.com,(604)945-1983x273,"15819 Shields Bridge, Robertland, OH 32317",Stacymouth,Saint Martin
27,Christopher,Smith,gobrien@gmail.com,585-149-3689,"622 Turner Park, North Gary, MT 39790",Ryanberg,Suriname
28,Colin,Hickman,jonathanfletcher@gmail.com,+1-809-402-4455x022,"4379 Stephen Dale, Adamfurt, RI 50293",Wendyfort,Brunei Darussalam
29,Melanie,Koch,ryan59@alvarado-martinez.com,001-612-018-3667,"5692 Flores Square Apt. 752, Novakport, UT 83456",Karenburgh,Bosnia and Herzegovina
30,Cassandra,Decker,snguyen@yahoo.com,254-599-1022x90147,"6465 Sarah Flats, Lake Katrina, VA 61006",Smithbury,Iceland
31,Lindsay,Parker,robertbentley@adkins.biz,+1-679-764-3815x61497,"USNS Gonzales, FPO AA 91312",East Jessica,Palestinian Territory
32,Jessica,Brown,justin69@pena.com,403.690.0343x24451,"724 Johnny Drives Suite 617, Aguilarside, UT 55328",North Michael,Nepal
33,Amanda,Humphrey,donnacampbell@hotmail.com,7622683885,"891 Kayla Shoals Suite 290, Rasmussenmouth, NE 14387",South Nancyview,Netherlands
34,Teresa,Arroyo,cardenaskaren@hotmail.com,606-071-5969,"88899 Sean Lock Suite 982, Whitneyfort, LA 55023",New Virginiaville,Turkmenistan
35,Nicholas,Miller,lindsayhernandez@gmail.com,(641)605-2975x1613,"PSC 1125, Box 4573, APO AP 63799",North Hannahchester,Gibraltar
36,Andrea,Tucker,xcarr@gibson.org,(968)164-5352x18188,"7514 Lisa Crescent, Port Matthewville, GA 97558",Jamesside,Macedonia
37,Maria,Jones,psnyder@douglas.com,552.312.4329,"258 Mullen Fort, Sotoburgh, TN 57141",Thomasberg,Turkmenistan
38,Christine,Hodges,gregoryrubio@hotmail.com,(127)799-7995,"9660 Jamie Terrace, New Cristianside, MN 43228",Lake Gina,Hungary
39,Michelle,Cannon,grantsamantha@gmail.com,+1-527-177-4490x5814,"7859 Carr Radial, West Michaelmouth, HI 88789",West Robertville,Italy
40,Barbara,Anderson,lauriecontreras@hotmail.com,700.541.1998x679,"912 Wilson Inlet Apt. 252, Barnesberg, MS 55949",Cindyberg,Netherlands
41,Janet,Alvarez,usalazar@hotmail.com,+1-079-359-7820,"274 Jacob Ville, Harveystad, NM 18396",Rivasville,United States Virgin Islands
42,Brandon,Pierce,vmerritt@yahoo.com,151.820.3778x892,"876 Perry Ville Suite 721, Port Kathleenport, KY 29971",West Danielville,Puerto Rico
43,Jeremy,Baker,karen48@yahoo.com,(546)659-0515x186,"9788 Ashley Grove, Amberton, VA 58351",Gonzalezborough,Serbia
44,Keith,Brennan,scott43@rogers-orozco.com,492-519-2546x2914,"34074 Atkins Corners Suite 133, Michellechester, RI 18750",Marieborough,Egypt
45,Christopher,Henderson,jessebenson@lewis.info,+1-652-816-8505,"95849 Mario Squares, Keithview, NY 89538",Jadeport,Falkland Islands (Malvinas)
46,Jesse,Lewis,clarkrobert@hotmail.com,235-733-2214x1888,"0422 Dustin Islands, Port Megan, NM 19135",North Amy,Indonesia
47,Craig,Ryan,wwoods@molina-castaneda.biz,5929622292,"667 Cynthia Trafficway Apt. 684, Shawnfort, OR 00825",Lake Sarah,Guam
48,Joshua,Blair,brobinson@johnson-rogers.biz,001-706-537-9473x8347,"751 Robinson Meadow, South Joseph, LA 44771",Jimmytown,French Polynesia
49,Cynthia,Harris,ncalhoun@johnson.com,597.746.8862,"750 Cory Tunnel, Smithburgh, NH 00589",North Maryfort,Korea
50,Michael,Collins,dtaylor@williams.com,924.075.8181,"Unit 6324 Box 2415, DPO AA 11304",North Kimberly,Sri Lanka
51,Mitchell,Carney,wmurphy@ramirez-bean.biz,124-782-6137x5060,"64361 Aaron Neck, East Brittneyhaven, NV 01718",Lake Jenniferview,Burkina Faso
52,Jason,Santos,ruizkaitlyn@gmail.com,(853)615-3051x5220,"62713 Davis Valley Apt. 155, Derrickberg, TX 19225",South Vanessa,Burundi
53,Joseph,Kim,debraharrington@hotmail.com,727-790-1043x2898,"275 Courtney Drive, Jensenmouth, IL 11863",Josephton,Isle of Man
54,Sharon,Holmes,herringjames@howell.com,(143)410-3697x11798,"PSC 2196, Box 5652, APO AE 36803",Port Greggton,Netherlands Antilles
55,Deborah,Martinez,elliottjeffery@hotmail.com,8932460953,"999 Maxwell Spurs, Port Melanieport, NC 80052",Michaelmouth,Reunion
56,Chelsea,Walker,gary91@gmail.com,001-621-851-8888,"0376 John Route Apt. 805, Davidshire, MN 72113",Rodgersville,Turks and Caicos Islands
57,George,Morgan,lanesarah@hotmail.com,+1-067-065-4051,"09104 Bill Circle Suite 848, Hendersonfurt, SC 70829",North Melissaburgh,San Marino
58,Jessica,Chapman,mdavid@gmail.com,(319)520-5852x772,"1418 Terri Drives, Peterland, UT 57843",Michaelmouth,Malawi
59,Frank,Hall,terrykevin@burke.com,(170)430-3054,"31617 Kyle Streets, North Alexander, UT 01988",Natalieland,French Southern Territories
60,Noah,Robinson,estanley@hotmail.com,687.403.4505x41566,"842 Martinez Tunnel Suite 105, Nelsonland, VT 76083",Lisaburgh,Tajikistan
61,Veronica,Jones,atkinsonlynn@gmail.com,001-765-277-5841x6169,"8507 Michael Glens Apt. 913, North Micheletown, AZ 62336",South Ricardomouth,Reunion
62,Danielle,Welch,cynthia72@yahoo.com,(845)115-4479,"08635 Robert Stravenue, Josephland, MN 16151",Maryfort,Mayotte
63,Angela,Perez,christina87@graham-simon.com,001-627-570-5964x016,"38061 Cline Trail, Markside, AL 48855",Banksburgh,Tokelau
64,Gabrielle,Whitehead,mariahmiller@yahoo.com,(820)297-0213x556,"937 Vargas Park Apt. 832, South Andrewside, SC 91394",East Heatherton,Germany
65,Megan,Heath,qhudson@rogers-snyder.com,001-092-755-7192,"64138 Robert Circle Apt. 410, Port April, MN 60592",North Robert,Rwanda
66,Kimberly,Jones,zlewis@peterson-beard.com,565.431.0278x68144,"Unit 1918 Box 2619, DPO AP 08664",Phammouth,Saint Pierre and Miquelon
67,Jeremy,Young,christophercortez@peters-allen.info,001-739-473-1217x271,"44565 Chavez Fort, East Derekshire, FL 14349",New Noah,Vietnam
68,Antonio,Caldwell,fmcguire@yahoo.com,+1-551-884-4225x83132,"6185 Shannon Mountain Suite 112, Margaretton, MD 19942",Cherylberg,Mexico
69,Leslie,Lewis,tholt@perkins.biz,705.895.7829,"6804 Wilkins Extensions, South Melissaside, OH 33249",Knappville,Niue
70,Joseph,Anderson,jacqueline44@yahoo.com,146-786-6912,"10032 Madison Landing, New Brendaland, CA 26420",Alexanderland,Cuba
71,Jason,Walls,griffithleslie@herrera.com,177-852-8922x68018,"PSC 7215, Box 1070, APO AE 75721",Dianatown,Cook Islands
72,Sherri,Duncan,jenny89@yahoo.com,(422)535-8414,"0662 Lewis Ferry Suite 472, New Christinebury, LA 65891",Lake Morgan,Cote d'Ivoire
73,Nancy,Kennedy,kennethward@smith-ferguson.com,842.498.1829,"14626 Dawn Union Apt. 806, Timothyfort, OK 66350",South Dorothybury,Niger
74,Leonard,Mueller,tranheidi@little.com,001-229-959-0010,"05930 Brown Mountains Suite 932, East Dianeview, WY 97108",Reedfurt,Rwanda
75,Diana,Aguirre,taylor75@sheppard.info,+1-943-969-0784x4736,"652 Joel Island, Robintown, UT 46596",Port Margaret,French Guiana
76,Randall,Lee,moralescharles@parks.com,710-276-7735x9255,"USNS Hart, FPO AE 65018",North Dawnburgh,Poland
77,Robin,Davis,davidduran@carlson.biz,001-562-588-1537x1473,"0103 Andrew Neck, West Samanthaborough, DC 45164",Christianburgh,Guatemala
78,Stephen,Jordan,levans@yahoo.com,(104)696-3259,"02921 Yu Landing Suite 915, Marcusburgh, NE 84290",Port Travisbury,Uruguay
79,Joseph,Henderson,lynchjody@gmail.com,001-532-787-7470x1687,"USNV Thompson, FPO AP 91407",Taraton,Peru
80,John,Owens,donna23@arnold.com,395.004.7974,"92644 Gregory Alley Suite 902, Samanthabury, OK 14146",New Dawn,Bulgaria
81,Anna,Daniel,enorris@yahoo.com,+1-016-245-6506,"USNS Rivera, FPO AE 31695",Montoyaland,Russian Federation
82,Jose,Nunez,keithcampbell@jones-hall.com,9835841687,"15704 John Cliff Suite 410, South Samuelchester, MT 65130",Wallaceshire,Pakistan
83,Brenda,Joyce,owilson@hernandez.com,001-849-912-1655x85239,"617 Francisco Cliffs Apt. 405, Stephanieland, GA 49713",Millerfort,Christmas Island
84,Rachael,Garcia,brooke94@martinez-barker.biz,680.002.5787x29825,"159 Bush Meadows, New Pamela, AR 13773",Stewartfort,Macao
85,Reginald,Powell,mkim@gmail.com,+1-526-949-5888x794,"8844 Young Causeway, Armstrongfort, AR 47795",North Richardton,Mauritania
86,Jeffrey,Morgan,cassandra01@gmail.com,055.169.4097x4993,"9731 Jamie Route, Tiffanyfort, DE 40917",Port Christopherport,Puerto Rico
87,Whitney,Hensley,barbara27@pearson.org,001-097-289-6230x9130,"4186 Nathan Light Suite 270, Scottview, KY 74457",Lake Emily,Northern Mariana Islands
88,William,Wright,ecosta@yahoo.com,562.636.8970x283,"58693 Mary Viaduct, Sheppardfort, IA 62925",Michaelton,Gibraltar
89,Christopher,Lee,manuel12@yahoo.com,+1-578-652-7858,"089 David Throughway Suite 223, East Brad, TX 57568",Port Shawn,Russian Federation
90,Brandon,West,zroberts@hotmail.com,(497)334-8434x437,"451 Paul Locks, Melissahaven, AL 92305",Moranstad,Brazil
91,Daniel,Henderson,qmiller@wilson-barton.net,758-441-9866x52404,"62299 Sara Port Apt. 485, Bakerfort, PA 62504",Wilsonbury,Senegal
92,Courtney,Ramirez,mgutierrez@cox.com,001-157-473-3848x421,"2996 Randy Isle Apt. 074, Andrewport, KY 64938",West Michaelport,Guinea
93,Laura,Wright,andrea47@washington.com,+1-933-083-3016x571,"24754 Jacobs Corners, South Jason, MT 97618",Jacquelineton,Moldova
94,Robert,Leblanc,andrea86@walker.info,+1-208-267-7345x40193,"82148 Taylor Vista Apt. 233, East Antonioton, MN 92858",South Donald,Lesotho
95,Bryan,Ramos,tyronemoran@thornton.info,+1-026-206-7240,"8610 Nathan Ranch Suite 279, Maxview, UT 12348",Rodriguezborough,Mozambique
96,Patrick,Callahan,yarnold@weeks.com,4991547887,"29333 Joseph Lodge Apt. 072, New Lauren, KS 80237",North Sarah,Montenegro
97,Wendy,Pierce,kendra65@adams.org,(874)315-2742,"466 Stevens Forge Suite 489, Silvatown, TN 49552",Lewisborough,Western Sahara
98,Allison,Williams,seanwashington@yahoo.com,5493296685,"1715 Davidson Wall Suite 443, New Kathy, AR 79148",Danielchester,Papua New Guinea
99,Tasha,Kidd,mcantu@hotmail.com,612-275-3046,"207 Green Manor Suite 609, West Jessica, TX 70576",Lake Maryshire,Russian Federation
100,Michelle,Huff,xhall@williams-garner.biz,745.499.0453,"584 Mary Wells Apt. 417, Lake Jonathan, OH 24496",Port Patriciamouth,Israel
